"V1","V2","V3","V4","V5","V6","V7","V8","V9","V10","V11","V12","V13","V14","V15","V16","V17","V18","V19","V20","V21","V22","V23","V24","V25","V26","V27","V28","V29","V30","V31","V32","V33","V34","V35","V36","V37","V38","V39","V40","V41","V42","V43","V44","V45","V46","V47","V48","V49","V50"
-10.5128968829716,-3.89638586460246,1.38429001221375,-2.58083717647401,-5.82806389869211,-2.54287676751639,-7.45478296161481,-1.59672896713189,0.98434531435864,-8.83779191007215,-8.03014392742115,-11.6318151663638,-6.83862103165874,-6.5412690121824,-6.24575767038257,-11.0837134660788,-12.3282680215374,-11.6143409473207,-6.31145809212773,-3.7823214608579,-8.25118740980806,-8.05817162758264,-8.12547537382375,-1.79349114556918,0.918443327427111,-5.87629275093936,2.57661874210143,-12.5936875422166,-12.5957782685855,-11.8576342526019,-10.1999066136024,-8.28704882967237,-7.91293278283428,-9.16556760847718,-9.6403611042037,-8.83775252700413,-13.1597222674529,-5.14328992938155,-10.1767464546125,-9.42470933159159,-9.12522735585939,-0.638737900400767,-10.5342593288166,-2.60288740405266,-0.892157789585378,-11.7839962001649,-9.12779133453264,-3.16212767588091,-8.75398843366043,-15.0131867210106
24.30499210512,26.566359239337,19.3620140016871,25.0706269948235,21.1565898713408,20.0313430017551,22.4840595426288,27.1300212717214,27.4998685590132,23.0588619085789,29.21876577043,25.5333314677809,17.4041478710112,27.3339365629688,22.3186560618845,31.5994410718005,22.3870502851985,26.4673804091273,17.7503870109216,25.0651996590518,34.2711596637068,30.2199214309493,28.5868872103244,27.4346647429327,24.9181854528952,27.4336498353913,19.3457332251392,22.2536826790578,26.3267573358144,28.3739739679465,22.4252959610565,28.2630698308699,27.4886362849784,24.5518467681142,36.4041611169481,25.8369805825522,37.1743144439121,32.5664974752676,29.1962193058203,31.5391415422337,35.2586751804496,24.6484272042197,26.7983136306669,19.9568476266822,24.5427653476795,33.6921316028182,25.5123812321332,28.9448801195542,28.8270711760539,24.1864975107011
4.68408824135069,-2.25066635216612,-0.611143524805029,5.68316320753235,3.06632531076348,-8.57083502652851,2.78471031669776,7.23504560249089,-2.75353920428556,2.28543554492715,-1.10026044476213,14.0481568303331,5.6415930375584,0.62657358305712,4.03884733008327,1.66915365054157,-4.76173305839292,12.5070943326709,7.35314832464461,5.97633666375721,0.312787308856337,-3.18958412608577,1.79754119081369,-0.945060690694229,3.03632734429716,6.92628773813394,0.75738107843911,3.84065425674534,-0.606672420832512,6.4052927012897,1.89614197355448,15.0580141806439,8.30914145993271,9.89810068418921,5.96410980612395,-1.31776336924611,-5.46131083060177,3.44315726285004,7.68604988502433,5.26520143658365,7.50481621177893,-0.523633255767623,0.685166149738076,-4.54947063370164,-2.79539212606351,14.2575323846049,1.78439736154129,-10.6415341415056,8.55778111395275,-1.44620984083651
-2.73492609499465,6.22886881148349,6.18036004142414,9.66123035477685,1.06794011090087,8.20195624894225,-4.41955840535107,-7.97629896140904,2.83177693729034,-0.299167474718427,2.24479779587502,10.4078352822995,6.09651446675009,1.98543979930267,-2.35735591402154,4.146213151861,0.461444378083478,6.8004125972544,-3.35661466246946,1.89107169801546,1.60434647746998,3.45952041100039,4.77387277501271,2.21753556347851,6.38165673779285,-1.53580064237275,11.1521060830503,0.766589653414602,1.2148986073883,2.65821095189648,6.27493496860817,10.9109673322868,13.9399976486999,9.68274044118161,1.57676972895902,-2.46867844972085,-1.19474982264037,0.312681118016304,6.92753817666151,-1.24616436695006,2.53194359908844,0.838409149170798,8.11824459203077,-9.55677857992133,-3.37078196020919,3.50103974308016,4.90238899255364,4.53442088282307,-4.21950438888233,-2.27335205829039
5.4180264704336,9.17287065971874,5.67484837853728,8.91602083045865,-0.509462865052029,11.4493910022138,2.51340094421447,-1.99884836689098,2.54468585362538,7.38988199362246,3.28825328839664,11.1281357144524,7.57056429889739,0.43315656496389,1.79131664225455,1.19464978277386,4.66912603113016,2.24059164188284,5.55477203686599,4.82652410012042,0.97412022212071,7.26878837451242,3.60665822912472,6.22551385258969,3.73196424858955,3.20691479347904,15.5421675672183,2.32350511139564,2.42291532405326,-3.49535850593843,9.585159868551,-5.62501666023203,0.903681558697873,3.27588144114691,3.83132127437828,5.09529432774789,-1.40740596081493,5.91749992449466,7.7009006472216,6.70160597023953,8.12857650329025,7.48938847428656,11.4557165037804,5.33321864804949,1.62297803680278,8.57225150642137,11.2636898061442,10.6331958827083,3.58019620515062,6.52396535749584
4.66760542096233,7.92819326653951,0.867690952399646,2.11956821925052,-2.50321812131853,4.78126379374114,7.40499492634657,-2.8758611939694,11.6990210421907,4.97646238133064,1.73715643304898,14.5001074203667,5.69244364820081,15.6728823313729,9.86195532490406,9.69825005023537,7.29882569681884,6.95132260382967,3.48453342290852,4.63490901188993,10.3006704046141,11.858348233822,5.431755881769,-0.954447438641879,7.19829631823357,6.22628452339644,7.63878717477788,4.80876012658313,6.91601145204171,2.36197909120864,7.84694631629565,-6.1945215424922,-7.29680267341872,-4.66413520275864,-2.0098334729094,7.38307563621431,5.74955343333991,4.36471169342502,-1.71894860934277,4.1493712011513,7.65420293088156,-0.000879921392643368,2.33351786121616,6.69094075105946,0.198328895458023,8.02980968790462,1.67918377666677,4.70793007197128,-5.32360443833362,13.0268536107548
-10.7591903484692,-19.2425001592433,-14.0009239974502,-15.5548943336807,-22.1474040403519,-4.34827399329298,-17.3335719459172,-11.8407443773722,-9.9187604544066,-10.0182886462309,-9.41255947482416,-9.94344879953547,-19.6208457767432,-6.43330965946938,-19.5043595938247,-2.2991009194308,-4.30756228657575,-25.0612881116548,-10.7948789048108,-12.3433723515005,-19.7196757905034,-13.619238363208,-9.12497367710799,-11.2363779035712,-12.5651376887325,-7.88636791749261,-13.6326033418568,-6.19973597491771,-16.502892285059,-9.43046450824804,-4.39707319676414,-18.7734435348406,-13.5031382163064,-9.03440919244392,-2.24149057658615,-22.1470112654364,-8.84313080918512,-14.4104357844891,-17.0287676826846,-8.39797991433574,-23.6455788641108,-8.6683023923553,-3.22396333810696,-17.4530959133405,-5.81782745569149,-15.2275318203052,-10.8867264471175,-22.9012318241973,-20.6636653266753,-13.9868039784587
7.92070670889774,0.286897392957051,4.29247165058289,-5.35173407638979,-4.38769326486324,9.43510172629533,0.547251297635622,5.45215782448815,-1.52789586160616,-1.04798217667789,4.93960679247272,-0.854702563338095,0.601868095653191,4.53646375887333,5.54212960276154,2.38384340531067,-0.937925533457252,4.90660471204074,4.33742520385144,12.0301401740784,6.05030643137539,-1.2523079500319,-0.416840145817584,7.39983439133388,5.98243017052777,9.15854263666487,-4.15334676490196,1.24641780529152,1.6687793017704,-4.38071803841228,-3.33540767224261,-0.576003581246722,3.07054137904508,-8.72443026436953,-5.91192886730076,3.96310188873149,0.546765813437683,1.47447764812547,9.63143114793658,7.53334432547983,2.02231419776523,10.5191536445906,-8.91748910755648,10.6645348357273,-5.18376854839198,-2.89054492071982,13.4517950054344,6.40685912036661,4.44656484686608,0.301878411117801
-2.33652612455457,3.71910308623882,-2.96470185471731,5.6973038660045,0.987159565206861,7.39460456638658,6.02836364444336,13.414958323929,1.90495854884805,5.86444832941857,4.11241808599384,10.7448258983231,0.627837007733156,-14.4588922455685,14.1128551295977,2.61743629206555,6.46860847780062,-3.95523204400706,-1.50868964532871,5.1625697831173,-2.24804089437771,3.65006045306453,-3.06898475503413,4.4305199594727,-1.50358309935207,7.72680589098362,2.08916543758685,-2.18691870947217,3.31535037234465,0.152874012031902,6.30971061844493,5.5260397493801,-4.80596818980502,2.34376565713637,3.61347759097128,8.47859167531022,0.530873257335022,4.48140900801367,9.12264612232423,-3.15422163525456,0.81807656261851,-0.175366776190469,4.88210598820202,-0.379206224478424,2.16262351451101,-1.10145983905298,2.98182500624934,-2.75740400565322,6.19309810342356,3.13961637594591
11.9528903048433,15.7036919603013,0.28047823179662,6.84259842568548,8.44149364478584,-2.36660885198246,14.1489804862928,4.23549106887146,6.93752465481487,0.646521858981118,13.4594331506831,7.38494934845505,12.2379298410206,5.33234399985457,0.266558348038084,10.9668722984968,3.80018098108822,5.06946493353288,6.23510306935727,4.13448123725632,1.65255719973305,4.3225608954407,0.361812290614237,14.047885940367,7.06809418092854,1.34526300201714,9.22890483574651,6.97485528108371,7.21800468501117,3.5440689691694,12.7247031844706,1.67427991361757,11.1904094642677,11.3470622985641,-2.77512182428366,8.30592872855351,-1.48646027357017,3.74379806576547,11.8515570811919,19.4922299518851,2.05952164675953,10.4292150440892,3.3771406179676,11.264668638446,9.54198179731819,5.99981506855194,7.84184178326424,1.19413388618517,4.46339409668857,16.9363163243009
-0.710479326186641,3.65175483476636,-2.62762409035827,1.94764935415582,10.1328486502055,-2.67572735869026,-4.39540646846939,3.23346220489495,1.6006348549176,3.89819475420336,6.06440869717781,5.40230759243949,1.22951325298874,4.04208338070341,10.6383941807553,-1.79188146906185,8.69157350682046,-0.943186828188531,1.414602179721,1.71758669647688,-3.58040555314432,9.44193517927921,10.1675332350314,10.759448196389,1.44115543179411,8.45813056243426,3.79825784888213,-5.35649585030759,4.38911091746117,12.9931851929239,5.57638922821491,7.36581318738368,1.78561301042413,4.42787294960348,9.68596511716302,-2.80501447685543,-3.74836288428599,-1.29880822670186,0.041416997869602,3.27630493379299,6.64839188598836,0.352511154915653,-1.51479166709341,14.6526619889477,-8.91475738486442,8.32453604393022,13.2692057872664,-0.139593542987236,2.55580367995383,2.52329752503572
-2.65383359803153,0.746961812457098,5.13158899796384,5.09171044895818,6.39354382078379,7.23165598964898,4.75332499353928,5.02971120733506,6.03842748422159,6.44729972582991,5.11380368229524,4.25562847532943,-3.07908811716384,6.14089861732965,7.87398089142653,4.41365078320875,5.97406053149854,-7.86041582727563,6.27695892259411,3.29168182862399,-0.182807102874783,11.8469896592923,8.38280497843488,-2.93708371135069,1.71073917909961,8.51627043580771,11.1524145989802,-9.10626798928111,0.942649753311593,2.43367325345666,-2.76344038164686,-1.47426965237344,3.82786559069029,3.89091776725753,6.31366181139887,-4.20771382884761,-1.3473830866935,-5.14051401548474,-5.04047086642325,1.50013249241184,3.58894293837472,7.21521670287497,-6.14925108282093,10.6223146040663,3.52541738097839,-2.33124204750375,4.80572439188131,18.3663052908136,-0.192133578685598,6.89850743244096
-0.461297823725121,3.62268781508525,6.55698042597808,4.0133211853148,8.52622855483166,4.98150158977111,8.46483492023188,-1.9458103867771,9.76086240850459,1.26034112466961,0.162914180907391,-1.60136731604842,3.44461598530548,0.124183728044259,10.5418795507584,4.22741858523923,-2.41233060677813,9.27681854131191,1.24979908330259,7.12567804753209,12.3904201075965,-6.53718186285066,9.99282261283699,4.30445462668956,-2.37925070760218,13.4320612518899,6.15985582417098,9.27374073212632,4.37090605914129,6.51146458187753,7.11426798320144,3.08852703119703,-0.312946268654465,7.56484829608499,3.68415536451436,4.56158388894056,-0.358374023677304,3.05052160345577,-4.22817245366859,5.32149644447115,4.31488562899838,1.5313486384015,-1.07473857640562,16.6071354210423,1.42145844618391,-10.0215720852601,1.35833157338199,-0.598151300776854,6.77878010906328,1.8711022936853
4.64222161662221,1.63623770446626,8.96078568823279,6.76766309044834,1.49462729183761,-1.12550545029952,13.9177014053043,9.71466805620152,4.68575639332165,3.58341780754536,-4.42971368187506,3.89079513608165,-9.23658351966594,4.35601285267403,3.75787776425639,10.4784030160003,9.06650290602383,13.7655299624271,7.55714969062979,6.29715268626243,5.42035950270384,-4.31999415807161,2.693481056294,2.62586986124676,-3.0850490048557,1.29007173023352,10.3860869507136,4.92478746687778,-0.676288373388058,-3.2903552721256,-3.14243354448294,0.380503797522296,3.43928527642377,-0.0805292843359764,1.54276691883292,10.8981149943583,0.47234305230454,2.13311454806538,6.52677150697862,3.96655025924556,8.50035243887522,8.19317132614306,3.1333031338543,0.237397826000805,11.9691992560301,1.31100145908109,9.94069443867187,-1.30594635379061,2.98396787419243,-3.37170364043502
40.4386263505342,43.359449602201,39.8404297549611,50.1691440133784,32.9699057089759,44.8175171263907,36.1791095466164,36.5503204975129,41.2527581838161,45.8146382814582,32.8784779910639,39.2630534851774,32.6124537059,40.9243844744762,45.8142541464139,38.6770990335539,49.7159328845678,39.9300232390485,45.6956573362667,33.5926065449139,42.4267051986273,32.1963037995134,37.0319569757978,36.3194518596124,38.2102786976534,40.4280979978772,35.1590561673004,32.9472573721169,27.5020460993175,39.6968285293988,37.6341009296658,47.4477472760075,41.9023214790833,41.0702530504486,44.6321862492683,42.800151611301,38.9272515831985,40.0268139247102,42.2956381449532,39.1405653239676,39.4449517826128,39.9281101578191,41.1991834488215,38.1600246915066,42.4972163155397,45.4183976553437,43.8375885172013,37.9794979527084,43.5294352213797,34.4588505510295
28.8402554509446,33.1305778475825,31.2800966141764,27.0480253986586,26.5437298227166,30.2419259855081,31.1027622217744,26.0694966794146,30.199492510405,33.4168539261506,36.6648812406164,39.1869186459843,34.1352974052616,20.3117548671953,38.3070212803033,35.5554991868207,35.1807600591336,37.6824345989415,36.0164270641354,27.1024188818736,27.4481587034596,26.0060228955213,27.8028873499319,32.5176856196342,32.944199014798,25.964467869892,29.8572895839827,29.5676012691201,25.9673726565845,26.5809461507569,31.5909872818101,23.1222467790085,29.083504529309,30.6643761217051,24.7782036669345,33.6049889498091,32.4986227620777,28.5275194916113,27.2219760225397,37.8106390345805,29.5095688480294,38.394935897168,36.4357579328075,30.3974626355709,29.6075441269563,28.8058003814904,36.3153534418487,31.4351148025299,26.6225963077208,26.6643823588546
-17.9606461578433,-7.1583752069522,-22.3855091918953,-7.11739152631919,-11.799814213526,-10.7453237535385,-8.50502424936813,-8.37617023946901,-11.2214145039577,-25.5401491338473,-13.9029450055272,-17.9203599114349,-22.7654899182513,-14.9025083358704,-8.13311221892241,-13.8867774210366,-17.836651811105,-12.2083283748817,-12.2227851750919,-8.38767144161747,-21.5221370210017,-12.1770669132543,-18.2342378609335,-17.7035698877789,-10.4707669580622,-11.8463763064892,-14.1456817153713,-13.9625190768848,-12.6987170681002,-7.5910908819189,-22.4334598805335,-13.6801906052819,-12.6596741277283,-26.339620970771,-9.12828781556703,-17.6830160811299,-10.5810537565262,-17.0863050415522,-13.8644202462229,-13.7402958882297,-6.36409793645513,-15.1264912381511,-9.63848876690001,-12.30066505337,-19.3870555059962,-19.2987266778514,-18.8577503650276,-17.3379781929893,-16.0296999178414,-16.5048030508517
7.59373219817202,3.88027518299319,15.5447131320234,5.28882140964595,16.3128428831599,12.5467483606859,4.20444437241035,14.9028281903448,11.3606003597972,9.11260615090432,11.1997739148398,3.20831662194877,12.3810532758913,3.40107637516676,6.08215551445871,8.57663530122867,8.86785665536718,6.01578800376514,16.7105159254028,-0.0484478448252652,14.1954427258643,9.99775486631067,13.0984678011784,8.06329463446113,16.0592227787505,12.9785831044363,9.37777623264492,13.4399724214719,17.4744900208664,8.07377122899349,19.875266193199,6.2342937210275,4.78274719728929,14.5977474118572,6.4593186449985,8.66893977326701,8.16916219611573,3.26558583009988,8.93017097059041,21.5948222632037,13.2569813905098,6.15018914911975,6.80063069763432,13.2966296470937,8.71236921248366,11.4320833168748,13.1551665852946,11.5462082710345,7.30274606047232,11.4342668342402
54.268261002899,49.5386863913859,53.7707442510783,44.3672042462931,52.5943032185667,56.4214421526278,44.1922554924444,50.9696932426246,53.6024566242212,50.6880962241795,52.4532337633525,49.9834681832537,43.6773275740047,59.1163944557735,49.9174055887354,46.2764682305551,48.1976761948886,45.1825068734125,39.4068328120529,50.4531693290991,47.3194296836926,47.427290032065,51.6839637598855,39.559365123335,55.7923833009966,52.8495061842556,47.3803945218825,48.0168166941657,39.1046532548824,43.2952135935581,45.4967681021227,41.6228927766571,49.7909546572915,32.6456009285251,47.7052593945907,50.1799450009838,45.3018842150548,47.0090692572109,43.9095812736658,42.8359693294945,53.9052387726628,41.0046937126813,43.4145854167212,51.793403694201,55.617885529268,51.4481568751724,49.3453323251712,53.4366483509299,47.6194045870907,49.6316130375518
2.87666189400615,0.265993994618281,0.375018877799017,1.22803630289204,1.47002942789392,1.15096139951806,4.03416193799939,4.36745828350968,-4.34623950965601,7.7281090955457,-0.188482185549823,-3.99665396180374,11.9433905711489,4.04369396977812,-9.79910095497659,8.60003180300039,0.947818179811946,-2.06902491736941,5.58852246123782,6.56723683290631,-7.24415758490386,-1.43115828745153,-2.26023747607803,0.425676229302258,9.12312130835056,0.0239933892319415,0.949354973463968,-4.86008305503605,3.31583734999964,-7.06681371143791,-3.81719551120436,4.3626744119578,9.84736106725763,0.363836076045253,-0.615103961643112,-2.63890607158018,6.40583044897407,1.42295200671036,-2.69596889240793,2.83692736761854,8.1552855103017,0.653784766711468,8.71535009961124,2.1291441558239,2.91101270378123,-2.61592245334488,-2.3976122918109,-0.296750626731741,-2.33286713227771,1.51870957229373
-3.50479834792156,-3.42095166761891,-0.63062418296689,-5.66112867800894,4.99833049712562,2.85420145310385,7.46466466698709,1.14762847916459,-2.77479149244367,-0.891015769842616,3.38229401671725,1.05090612003972,-3.88544830114799,3.73677086644158,3.63364104015096,2.66666430036008,1.63717275523498,-9.13848346811941,3.59164954373839,-8.67240988704443,0.449682857518626,7.70302902815565,3.05925236930822,0.584730550999427,-5.66671883726262,5.79638116590339,-0.693940877689734,-4.37020716089021,-6.16111780573528,-2.34796913377714,0.231334437522514,-0.386928573925179,-0.276735251404803,9.85015667052154,10.0239283321108,7.11706163551521,6.49978849045988,0.646150830922184,-5.57860233053021,-2.38193205621568,1.15651676896528,-0.104577659719024,-1.87352919921714,1.1605073229163,-1.81081964813331,0.922393483116971,-0.387022721574568,4.66360929135421,-1.77367671084766,5.09369574355663
-38.2005020337313,-38.560589808803,-31.634129201216,-33.7047464685602,-31.7339705224619,-31.3961538744912,-34.5613354646122,-28.1424835490927,-37.4069793213455,-31.8420720071539,-35.5655502525151,-38.9426982079968,-26.0435897740355,-45.3318586919716,-29.1986720710941,-36.7380363267268,-37.2879041561708,-33.9950657763328,-35.7080315622314,-36.2940613438591,-37.9964568494419,-33.4903363373889,-40.3295659874196,-25.0693011135203,-35.938259021798,-36.416704777096,-33.1300065352389,-34.1827356185727,-34.0033193375113,-27.8718335562555,-22.2187997055408,-35.688009869486,-30.5651995691303,-35.4806477472808,-30.8051814888066,-39.0315438011056,-28.1452233874982,-26.9183237713374,-31.4586424850823,-33.3349939187179,-33.2572124856092,-37.2103148143979,-40.3687164512346,-37.7560882519935,-34.6454609540671,-30.0772251905692,-24.1945267878526,-30.0062297836525,-47.0476082993508,-34.013986445419
-11.578896530098,-4.88027852039737,-14.2229495096105,-4.84554760058782,-9.6857920527779,-2.92053314189635,1.30172520401165,-8.18521466445594,-8.93402931365243,-7.71660298716112,-18.1761270973008,-20.5297611434269,-15.9544080439264,-12.8220038696452,-14.588632998067,-12.0312016829404,-3.06441945195412,-11.2963678979282,-5.40273629362929,-12.3064803811647,-6.31831283045332,-8.43379020233822,-8.03821918333279,-1.74913836411387,-8.75050121007317,-6.86780410117781,-17.5651520187864,-12.1311737772717,-13.3041390745258,-8.38020489584165,-19.5169158337934,-19.9636433080407,-15.0728013693506,-11.0507224409408,-6.47200956166271,-11.5235933992329,-2.45163731020121,-9.4338803005132,-14.7363264994236,-20.1520543927356,-15.4575066719128,-11.53479769246,-12.3446346547277,-11.701939807671,-8.61054509973595,-16.4450061405475,-5.42150931427944,-17.1825930083451,-13.6538884715679,-4.38660659325506
-24.5627073340096,-23.446895276022,-23.2158645285989,-16.0474137317463,-14.8172685007137,-19.2434273577698,-15.8234479912696,-23.5829230516483,-8.23479529418867,-23.0885163104028,-2.18049763301103,-16.051241439322,-14.725533644964,-10.2229635974318,-17.0665809727985,-7.05070086937844,-18.0243048580541,-11.5183616068001,-14.1379032190409,-22.3871250244443,-7.3478109874392,-11.4993779710506,-8.52131831993329,-26.1073647152786,-14.4038280661249,-21.50538688806,-15.2907482570386,-14.3601371611029,-9.03777843263721,-15.0501474345555,-22.0423379971232,-13.613596590726,-19.0357154585381,-14.6584301224502,-13.8888637659028,-13.3154394694161,-15.1718780149156,-17.3981245228119,-20.9339454697179,-17.1756179542665,-21.7690651997618,-19.6221453751575,-14.5268217559929,-17.5063733736825,-16.5050403407968,-19.9016679965559,-20.518975483106,-12.5781306398342,-13.2423030339608,-25.5629341217501
-2.50696870192881,-3.55883880764123,0.237080061028965,0.228230736194772,-1.67650216119555,11.5400626971713,-9.34796396586146,-4.76751953940257,1.4194920132457,-2.54253503878421,-11.6137498096928,1.49786337479927,0.196318873364805,2.44765349681023,-2.79986228598557,-6.38811066657037,10.6544538750656,9.84940999866555,-1.06712221948457,-1.07113487905456,-1.72489642877972,-2.91634340394946,-8.24377963959341,3.1259439283922,1.10542571821935,-2.54518183301477,7.31928764944503,2.58116659481798,9.04331479703835,-4.75513718926081,2.40550299539886,0.609972432358936,0.652607603610828,0.680102248980503,-4.36239567074616,1.6579122793458,3.59110204113639,3.0458821809368,1.10136181404564,2.33562296016657,1.01990397353958,1.85190531341499,-1.49068499207888,1.64838318586175,-0.0231102684176664,-0.494159874981979,-5.14816293749832,-6.78887730004975,8.16293969842676,14.3069977483339
19.0091686769765,27.7305012623012,24.6958484275077,15.1048650662292,19.8722786273726,24.004265511712,24.1985257612608,25.3529750306482,27.1683929059717,28.1761762632124,22.2824529142234,32.5945340046443,28.8286686950117,20.064295777539,31.2699605341789,27.6686306928674,26.4566821913372,27.9005968241503,24.0645293631791,26.5797719587989,18.2603317123172,17.5598533909633,22.17734649554,24.821980794117,19.9740292749225,21.8361112116124,19.2538953128808,21.7827291481747,29.8925521017024,27.0714761733638,20.7233175056583,33.9859511457696,28.0868277009222,27.3698039460413,19.3113644768673,11.5605170970285,22.5334429829264,29.479534040855,24.840647749261,23.9857492186879,25.873930484428,24.9625160346039,18.2663776806954,24.0930462105814,21.2088378118495,19.9093918400563,31.7625295560175,22.5002634010987,22.0004794167678,27.8298893116057
10.1643986922644,12.942192738402,1.3122665135128,1.80203216895423,-0.426351931506136,-8.02426988683474,3.14716165820769,3.78102019275879,7.63628849971822,-3.74950944349682,7.02241609403731,10.0141263868796,2.12295088756792,9.12802741579333,-1.94072146660368,-0.851741026528429,-2.38740836131432,3.57424891466579,1.27509326189294,5.90893560325211,9.63208615143713,5.59088866435025,4.83601158153696,1.26860149570981,5.11529466314439,6.78377266817589,5.79171050472371,-5.28362204078854,5.12584944211137,9.55151968570206,2.32159557045165,15.566399688371,13.1877751651331,-1.95833521316246,-0.931139475563723,-3.86642279993066,2.91578081877119,7.3557754080023,1.10099070017732,2.12747800062783,1.73959891750668,8.1707123001126,9.84365916845931,0.449962627014533,2.62262297865399,7.81719857957564,4.41770613247227,2.66570607783493,7.88661645573647,6.83902792595526
57.1933339536173,56.0149350872423,54.1664768881902,50.0647882305299,46.0316201412638,47.796475098818,58.9464223209815,49.6558986879681,50.2367093373129,48.2478986499419,57.784433209475,50.0235713813703,52.6636637552268,48.2611888707985,53.5077337293502,50.4691257885357,52.8905352095787,48.6536722472113,47.7276594793909,51.0098038937194,59.2198408733993,47.0906552557126,49.1042347161491,51.0560224117112,48.4908736228119,51.8978221105764,54.104717274296,46.4661545112235,58.9770602463409,61.1955704576777,48.8835180337902,42.7197196341078,53.7332538475718,39.8344088400059,53.2598757992723,49.8869622691802,43.4953702129215,54.3144433178812,52.7921797605596,39.37446961293,57.2883515105323,53.1188525646099,51.5962506191813,46.1827393289338,48.4716570212367,51.5643692446765,55.9452624033232,44.8520858804628,44.5237907863046,56.2013923759103
3.06756450561183,7.3715582050217,1.14920703388008,-6.18089206772065,-3.7717660384395,-3.93778820952942,11.9588440657395,1.65423542322232,4.24700825670398,3.12300853802471,5.8369980740611,9.16885957495984,2.15787273742931,-4.13244389292249,-1.94338328652824,10.1108900617418,7.53085990379589,-5.98186757084218,9.01410587658136,14.0395566639482,3.87739850527957,1.289689031115,12.7836449415424,0.226740613696747,6.49410157228984,6.2499447670773,8.24967030880036,9.50351069710191,-0.737585743362079,5.32427837266397,-1.97223121578042,7.24420590290523,6.44576243636314,4.97147208327139,14.5839169562622,14.2765726252035,4.76243415841579,-0.358985505645091,2.03848158479414,9.13692792966905,-4.24456777646657,5.21768916914351,0.657333912061748,5.77883834790208,8.462011642424,17.5246100800851,5.94829939975091,8.10154429589226,1.56610898319049,6.65371166881503
11.364196415435,8.90757103310899,13.7989170822893,7.17737291349899,18.9490737259382,27.6027182737985,20.8833779211684,20.9083677693743,24.8879362322965,17.7036397884646,16.9783232331897,23.0148615415992,19.5589245774114,17.5317540150683,19.2123311067222,19.6538082707108,16.111414477897,14.0417187352527,9.23628154976734,19.2229066340334,22.1069091397707,20.2929001570693,10.22237583763,11.3579357073779,14.6400359557202,13.165122284768,14.3185433871283,22.6725550447962,18.5074558802052,15.1849185665958,24.4869706446823,21.798052592931,10.2232634395345,18.6103173961872,23.1339204300924,13.3301585393018,13.8844136600141,10.0105126052393,25.094216388741,11.5462709161418,16.2260401598951,20.9279861807413,18.0028672040192,17.9965756656718,9.12804969755828,24.6878965932682,19.0119513240758,25.1296146463432,12.7206132590189,22.1978651242258
7.89126334651021,10.6370736833266,3.46925647971934,-1.38968797517647,-1.06150595586102,1.21416640232654,7.62483423350519,7.94048990944786,-0.771427216857878,9.66718033569616,5.55346746794893,6.51366731205515,6.73129856281215,5.64184405283315,-5.40669631990955,-5.98605126877311,4.38838004766203,3.57811391490194,6.48078540499078,1.73974557917001,0.920717313843955,-3.44183584322082,-5.97241818828056,1.84523789988216,10.9755381945539,-2.91622512184239,0.614112131388232,6.79928218697899,-4.34943993235833,-2.41161800599056,8.1920648088724,-4.44090901614122,9.3321714468954,8.59005630293053,4.92496878278289,9.32850160614628,-3.86888539311489,-1.2121256443051,-0.046891452093635,9.23435906928702,4.32425382235609,-2.83824993725514,3.70905578039606,-0.659274209695259,13.0909176634855,-4.67477710643556,6.97317494783216,-2.74752788444301,4.52874207230801,-2.46446692490915
7.63846436252434,-1.47489934502092,2.5325800824356,3.25546710016336,6.61167507440246,-0.122888758785647,-2.84437869703953,-4.23033591164492,6.52228849881404,3.37427172030454,10.9720705257736,5.74664562619488,9.24914171376477,2.98152361404191,-4.9541035088111,-10.5921174691701,7.62050363378304,-2.30768368496038,4.8583426550542,0.975811201158685,5.73669644564842,6.14450307373609,-0.988126021397193,12.3820977165663,2.40064802181865,5.12112356043794,0.198828462535708,-6.79855343670614,10.2224908681604,4.64769669345629,-5.80578222695868,13.823761570901,7.12429725854184,-3.13000382992104,7.04028768011802,12.128843144191,1.54340232194483,-2.36662004836652,4.8043436338294,1.86122986236338,3.10823311990722,9.26512908428438,6.52071266805088,4.92979731777269,14.8687848564314,-3.7490150881306,0.76601227447204,12.9207324423636,2.61846452474805,-1.19096891778074
-1.82487078138965,-2.30995737391726,-10.0097096215332,-15.744731517492,-7.31179614560722,-9.60515122835178,-5.47420983759509,-3.91883994543466,-3.78295602582393,-1.24071953368299,-8.28155855979542,-6.72754303961406,-7.65030374700087,-1.3999986793659,-10.4134402997735,-6.32207224625157,-2.66054034316824,6.21358639576588,-7.54364907507459,0.32474011630299,-1.62887367615415,-4.83187843318675,-6.20919371939518,-4.20450331125067,-4.5029331824573,-4.76287714509261,-11.8137529741517,-9.1115850681586,-4.55701267427621,-12.1066343456756,-9.26590803513645,8.07528592277785,1.06524998520998,-5.58631209034716,-5.59932283972301,0.153691070601791,-2.9596646668041,-6.11983171087575,-1.11214183805392,-0.392896532491481,-8.65524357896074,0.747290095932389,-2.68881446079749,-10.6207199428528,-10.1703702252542,-9.39344538411228,-1.36385243841915,-9.49727015140713,-12.2906884402326,-3.25247363350377
6.82128882557866,7.5357300813535,9.93879376353695,-1.20709421149137,-2.44858196596178,4.70735960945054,3.23628562570001,6.21799970209016,2.43891791437188,-5.83321743735383,0.112486131675482,4.46470339242592,9.75446764563161,10.0038322024327,3.72554615536749,3.15863893189416,2.63811863824894,-3.3713883011494,14.299873833717,2.70034344598336,1.71470366467046,5.02482906736706,3.08603155172519,2.20944637447353,2.1018007615834,-0.817732026534467,7.80293943359578,10.5129289024689,5.2934889356194,3.4729005811801,1.80631093535785,3.02684820422645,3.01368972734914,8.25210292591261,3.9067029481476,10.4851096681064,-4.67866253095948,-1.3461758758521,-2.49157722435651,2.72369662332066,0.711841473766337,2.34981521324429,0.66556412814178,8.16042825818231,2.22720057840287,5.36701314815983,8.88051133092541,3.71373245341108,-2.71417294032304,3.70300373840748
-0.732937622059278,-4.61651123327456,-7.29661656566517,-0.216884613366009,9.20742742665189,7.85170886596144,8.89294064689704,6.94463839973544,-3.99982096915791,0.047935543617692,-0.923137034174769,-7.89639041574857,-6.52762394625842,-6.91454876578911,11.5820105355547,2.6159443877406,6.15076275113207,-2.63732948998222,5.77299678188053,2.5363617475855,-3.65194657036976,10.4588701731027,0.377791626461901,0.344485288946925,-3.27396560496903,-6.63973163384614,-2.74947090764317,-4.39075748969843,-5.52356916612575,-0.377203667737155,1.62057008278094,3.3161489375205,-9.49484859190676,-5.46746626973331,-2.04021545209095,-2.05025108463246,-2.14310209770924,-1.68274867737632,8.43190892484316,-0.652084145466657,3.77756797309893,3.94840234494019,3.04354011466463,-4.78629871392018,2.71417106129265,-10.1286111115439,-5.32243981782055,6.64189512580517,-4.91077391822556,-0.0261526375176158
6.66518669573094,4.45906348649242,7.6912936665666,0.954574246042001,6.10573096799417,2.11158776252972,9.10995726052019,7.18968670307735,4.38469620895617,4.35660857568992,-1.91556247864612,6.03749453335454,7.32814133786494,-0.596824918700293,6.59704035332136,5.52390000589926,6.00795098831743,4.56841100119404,0.927390015328784,-9.1245176288568,4.38784304918677,-2.45015516771951,6.69593380826152,1.1346899610908,0.881985296378167,5.09098104238012,-0.422152706244391,-6.18674913198046,5.40841579996046,2.21055049334711,4.71363270897517,-8.17948235945173,5.08796269665954,8.64458037150556,-1.59407705700017,4.38983954146737,-1.57685724122437,4.140688727888,-2.95716329673488,4.2033264752376,3.92426253747569,6.64691589908599,1.21017885126085,-0.993751101364372,9.83731608457972,2.02799991570348,-2.86829791937971,-1.37073540780309,1.9263833767113,3.11949208114057
52.2706808351532,46.2248654477597,54.1928029272472,53.3857135049623,56.0700359350413,48.3890620679386,40.6907740771593,44.5632867690685,37.9131623643599,53.8336735760571,48.0590724513109,46.7310149171967,48.2326995919453,47.1904560070297,47.9692131648932,40.4602394972573,42.1666896844332,47.7867081042727,41.1456325229308,41.2150181174152,45.0987915212199,36.8103825016098,42.9496752966284,42.5473260118199,50.8989323922167,43.0514287350512,45.9272705090601,49.2808646689565,47.7982811257402,42.5510686431375,35.2281231316616,55.3904438337392,43.8329801508433,34.3260863895393,41.8074020458696,45.8493578425471,44.2631804606437,46.822180735474,41.092955590109,44.738000209941,42.5136997558937,33.9796517424913,41.0865463602797,43.8267239736878,38.780147960438,48.6835794872985,43.9643566344563,47.6645752114604,51.8352462888425,40.1383532551817
-2.31895777295152,1.19331038395197,-2.93746951760011,-6.27713078002034,-3.83786830037593,-1.36361333249281,-14.9747348622532,-14.4577817849322,1.80152009728397,-2.72327815727242,6.11353320852386,-1.83318763914788,1.54849841466611,-1.1278398721743,-9.05492172058597,1.26590959111253,-8.73017022753649,-5.75885744679352,-2.83722677028023,-0.623486665801242,-11.1443749542432,-1.61944087063202,-5.81095081522284,-1.06270542641432,0.280720345307513,1.28740243295316,-1.69512662212334,-0.546476802964887,-0.450121238958912,3.80932204942856,-3.78990936013967,1.63067746988092,-7.80677690017179,-3.54769571582427,-1.40629482331439,-11.6128960977077,-8.15549626272786,7.20920028651298,1.05676845342709,-9.24753781387645,-6.93889954845413,0.931715580768852,-11.2522881151704,-6.95039992443855,4.1855808010595,4.89221939089648,-4.00136709905772,-5.84967903856025,-11.3526297096352,-3.3879637251327
-1.10262625068876,6.91364271608066,5.81111850246532,-3.8326328503938,0.249098203044082,5.30950024888041,2.98492761207975,-0.681213739885409,14.4256154546353,11.0464723187417,6.96193444736453,2.92887204871997,-2.22734142649317,6.4558738813412,-0.0655791556226046,3.99939565367206,-0.797757497447311,4.58692871496461,12.1067671512193,0.342579095670401,15.1786512180439,0.0205064845586946,5.33560783807262,3.23126871410253,9.41053753303494,8.437101773628,8.12072672385233,7.74434784119909,1.94069119105633,9.1336314854029,15.9407992887194,5.07182694138193,7.12217870665777,-3.84344217317099,8.29908280560882,3.75945717973415,-4.13010012691708,0.938269716263757,-0.373419058301672,3.40680534448854,10.0274840961687,0.381737793915964,8.45411460603095,4.14638141872463,5.70997732164111,8.95270762466624,-1.29701432400043,0.9134710383171,1.76806244989648,1.39241315387069
1.90981652387497,-5.12657198653924,-7.32413126414584,5.03673135576234,-4.2638869342851,-3.58862867707411,9.60425175738336,2.87377376442434,-1.99883215154121,4.00791713419243,-2.73087758353101,-11.2340345965616,-3.68613511584355,-3.56727159958222,-11.369759900863,-4.48346041904654,0.209226972947437,7.17858319090801,-7.43945482486052,-5.25362905261684,-4.30676416740788,-4.17093346609078,-4.1115889109153,5.33552029876545,-7.01304014311796,3.70031191822891,-4.26510155098565,4.19727248606578,1.65839055759956,4.85638602820545,-2.27580174984343,-0.657287040823715,-0.979551323666208,7.68897722845313,-2.90901482167229,-4.81283202701947,-0.426894443394205,-7.67926840113151,-5.06532490066843,-5.58643586384313,-1.60981843990072,4.6567077468989,1.31399908528588,-5.96273750222829,0.753371553810012,0.204210794106173,-5.48343513735306,3.75538461422288,-0.116611788921265,5.09648870750356
5.86922066165942,-3.46155829739291,13.2323589414275,1.93194647712816,2.6352816551984,5.86535343223805,2.9925457058353,-2.78281275299476,4.2567802977421,1.51536341298713,-2.89529465667994,9.4674483922712,-2.16379967680167,7.59974648334734,2.97809317346585,3.00961400450059,-7.21775146623882,-2.25153408863099,-3.08633690471764,0.920515272607597,-1.93091693446523,10.8124712547888,6.32063290550027,-1.73321813008297,-2.66143729266845,7.28303505455369,-1.39714701574824,-1.59254241658562,5.9030866031487,12.2494278633706,-3.37026272007439,-6.87209234328248,-7.58841076183202,-1.67385755875313,-2.00892320943586,0.795902437385329,0.203785499118427,2.01061503910171,9.27978588045879,-5.40734449982107,1.31511624031043,-0.263353500850572,1.76993445635398,1.08817196254298,5.13836499065388,5.93339093943543,3.36073746730775,2.75207044133247,3.34311383844111,4.31683624621487
20.3093010533091,29.4397007019205,23.2342230277491,21.3108863895604,22.5723578696215,14.0751448447261,21.4468747129751,15.9595532135905,19.688498021597,24.3601192168654,23.6560877511722,33.5172560060728,23.9821943260324,20.1613641346718,17.8091248227473,15.9028836127651,25.3270865752472,21.6525071547821,25.3322383089023,26.0934959251488,12.5491736137796,22.1748542165529,22.4576274017044,19.0070036610709,13.9697256388023,26.8811680549925,27.9331713100753,27.619590611734,24.7873470756871,19.0115095514263,27.9702548304933,18.6033681858805,22.8244667339827,21.0157991605005,20.3800574084286,18.3313138950952,14.2360585405625,24.8034857085819,20.4941237332271,22.4452121079658,18.6756395997763,20.6784676017317,25.4007555736846,25.0276234159019,22.9980902901049,23.6350719246713,20.9079630922393,24.7323082879706,19.5453329820111,9.50334314232538
3.31635814657681,-12.3906665698449,-12.222093874366,-6.96176081192229,-9.67408085341358,-13.0730227866807,-6.89024279689057,3.84919285287388,-4.14393188936046,-12.422976479583,-18.0719078992959,-5.4534815705563,-9.53427879221078,-4.01213756463787,-3.14874567248656,0.234168053298583,0.774082930508409,-9.94155027957402,-0.110944786656312,-4.34058367425002,-6.78875066499085,0.0379895614642276,-1.82812188083945,-3.77358867190709,-5.22211080042313,-0.0781471669404583,3.59540307042212,-8.81913138099405,-10.4848308024273,-8.81600155606376,-1.69065583739466,-14.3591229336164,-7.87037685518589,-9.15290015988943,-7.19632830316287,-17.617397207191,4.34943529121229,2.77986238541715,-8.77542706709033,-9.31337523180844,-3.75281998551089,-6.33783667415494,-10.49074264952,-8.89877423367573,-4.92373066004998,-3.6289737621497,-3.09811541921086,-0.124941705768943,-7.43092147891272,7.97673834688624
-0.360462016758946,6.92911183708431,-2.56152480926373,0.318735144370344,-0.10807195518163,0.930419836769703,21.3525903020096,14.0418230170743,-2.44563428977851,6.37417959815653,8.50186215608176,3.81395011280032,1.62862501315401,-3.96275970714167,12.2704724300058,8.25795999708141,-2.30819988197501,0.167777975739668,-4.30118499668915,-0.248142858997428,12.9239357611076,3.39691649622765,-2.78944891990389,4.70139941910362,4.41718756732232,-5.18223139718164,5.6823612738512,-2.78500232107881,2.98719282840288,8.15068656956547,8.37917296046002,2.70230638252802,8.21218908539205,5.273493840245,10.0200035833399,-1.65894596289677,4.79759615214259,-0.506061859827758,3.28045357292801,3.9277391459604,5.14552718401666,8.37635605003791,10.4845302649333,4.54407661532976,3.33939469940109,7.24235802297713,2.52670875597575,7.52448155132846,-1.23569986250352,4.15713254483513
5.04606902858387,6.3816390477828,2.7035898760698,0.108210377449853,7.71288803058347,8.55567501661667,4.28032380398494,2.94171166827396,4.79144951883291,-5.04548473469691,0.467237958334237,2.68986924956552,8.80943106486586,0.346148476196535,1.37224679807841,7.19908425568841,9.25264911291125,1.7227333975012,4.35381364660555,-11.0129857269682,6.18502976934863,5.66660855882729,7.07307747942003,-0.435477763684076,14.0659037342939,13.5117548740725,0.736964050440805,10.4601796046528,-0.0066610937504481,5.09199440915204,2.36377748513653,6.36964010485866,-1.09415007642826,-3.36113121551939,-3.60621589007096,3.98260329114849,5.44045957231003,-0.354439490610338,7.92875238319674,-2.06750749335062,7.15618565590537,-3.1507398920293,-2.55545729333092,3.6366685657536,-1.5149644625251,7.6987621708959,5.43989774129636,-5.67499860698156,-2.68928806438813,0.829899252397444
-9.90319109196519,-1.72055948395368,9.2313621224952,6.91192416951113,1.49752206623461,0.528683560559297,4.76840824219366,0.352250592753088,3.43324001460519,-0.639040099832728,8.65632466393978,3.51441149147079,0.19900956128691,3.36240513139764,7.32656014571691,0.408776948319265,16.4643709790694,2.44665937466885,6.24160702996138,-0.288034347429066,2.30208365542002,-9.98975194339514,6.17545512760416,-3.88737205885978,2.87302833332419,11.0316002471121,9.8776398472664,9.79729142383872,3.35599238613072,-8.46315926690029,-22.476532857394,2.19023617437502,-2.56131977308803,7.44490447101006,0.950023941079579,6.9770319547384,1.20633226664854,-1.05871467488657,-5.39174801514803,-5.36496733630865,0.353094038887952,9.08418672053158,3.23720393130718,7.41273229558368,1.24744093360626,-4.18987056462057,1.04174410501672,3.40217256425072,-0.846501250174385,6.92967941495969
-26.2527145401325,-23.9114163895264,-27.6696481015865,-26.6533884444373,-21.9230076896267,-28.5455837413913,-29.1980021706781,-27.621349640478,-24.3092396528086,-31.1665105333479,-24.7476876294301,-32.3308920157771,-22.1658783228766,-24.472045057088,-35.713164317103,-27.3673356297461,-19.97331524942,-26.5180504696409,-27.5387662029181,-30.715602862863,-27.6360498465374,-24.3024026179284,-19.964944952691,-28.442117824904,-34.2780810259689,-27.607086415433,-29.3356578584906,-22.8831971674595,-27.4589214451599,-18.5466134786519,-23.1497878621711,-29.1990808524931,-25.0196314237887,-24.0902987738739,-22.305339457157,-23.7554118075485,-23.9107852010408,-32.9741300960272,-23.4612243364652,-30.792160924105,-28.1417755639482,-32.1537723302942,-18.9008291842114,-15.8359309473103,-25.4731966351239,-20.8055281901139,-18.0416998420012,-17.1841773123263,-25.9466401227476,-22.1321847716945
-8.83669667403748,-10.3198695105954,-18.8296918894798,-7.59662877558532,-14.0474136480069,-14.5229481604805,-14.7095448540899,-10.5242620769138,-21.8188438292087,-14.7278332428066,-18.1157199704436,-15.810206854892,-8.1334543534512,-16.1881424785562,-12.6389164859871,-12.6139868544213,-8.38454107094988,-15.7795961775427,-14.5851581041798,-12.1504603958306,-9.92170411087278,-19.162157286536,-17.3971306200033,-19.2211428803488,-14.7240025247697,-9.91036301523305,-23.8791165571769,-14.7456707685435,-15.3529316163822,-12.512771201601,-15.8158919879573,-12.2587202429384,-10.4429460184341,-23.4173932639721,-11.0649651932688,-17.6297153251961,-12.8186914635575,-14.6597843609745,-2.05701079436624,-11.5153939458602,-16.9989843770195,-15.0459517819089,-8.92994842540228,-18.4413051665039,-5.80288651228268,-14.4366314627716,-19.0724308331154,-11.2495092019242,-15.0716964127496,-11.713932732063
0.515308257890764,-1.16311569601849,3.53639567064883,-3.49466316293264,8.0198696248755,9.11742233758657,-1.1413248173638,2.48971576417289,-2.804834547138,3.97142662499064,-0.130083460092486,-1.93791907678741,-1.2738424090348,2.25604006274906,-1.34116641476091,1.40669283374439,5.46535763271344,-5.83882066104595,9.3003612897486,-11.5460637082121,4.12866246196056,8.54336285176797,9.1088398247862,9.8238672601968,3.35643013149381,1.55739581599375,0.578884154494691,-2.35936890450784,1.70750569497966,2.84570812810283,-2.18098280706107,1.29981733399096,0.420490419170183,0.401770658079772,3.61328942389499,5.69833929177311,0.482776285021392,-4.89048744708503,1.42259729081289,0.780391331579252,12.0741022829368,9.85038156193125,3.02829306889041,0.749519286607939,6.00243466445531,-0.708534859441007,10.3761564469718,7.14801446384134,-6.04026035404763,1.88162344521993
19.954396084504,18.9883416417466,24.3062892277513,24.2564521818494,24.9455607018143,28.8060125738507,24.4795674288639,26.677771595611,21.5061080952745,22.8196143715955,27.9657704142854,29.5745398194099,36.4782524237357,25.5261613578657,22.1458353757634,22.2278826714988,42.1516742206406,25.7793648360078,26.7331370237837,26.7812680983112,21.1906180599242,18.4545074243091,21.5373939015955,28.028024442376,19.5425193003955,25.1868614168326,33.0737334385384,32.153323915613,24.3143022128083,27.1100557187539,9.25985495406139,21.3840537646105,24.1986300841363,29.8082794911424,17.3309804497518,22.1389719927186,19.7959217949383,23.1030416876157,22.0744293711607,25.7101153202488,19.4909633926906,17.6104297321186,25.0313435993703,29.7711088448313,22.4331596838889,22.2539420084704,23.4493220474132,26.4972334736918,23.7172173947631,18.4368336251913
3.09273058857109,-8.3075226825718,-11.2437620411248,6.11643127863916,8.28426473497674,-8.32673546466922,-2.56413819772848,7.92478270327311,-5.87681517538742,1.52519209356539,-0.269122022926756,2.28864118028019,-1.82293712735785,-7.24579028921564,1.63207713063762,7.17125916093414,1.34745829044198,0.784469380596691,-4.12297944543839,8.42785001728413,-4.98433535909515,-0.120977644354004,-1.32375583127108,-3.31010733564383,6.30099847095455,1.66910094135236,-1.70786308311031,2.75655960554431,-6.96711107306742,-9.74402764808294,-2.73304828484446,-5.78882895680233,-5.41173991020164,-0.647261911911565,-6.75531799124892,-2.79487364445741,0.522803830243382,-0.346813613364814,-2.35630332687507,-3.86741057204699,-0.570617787151787,1.32875208665334,4.8848100623548,-11.337330009465,-8.02545974808224,-4.27374216175815,5.03408412780241,-4.31895780636307,12.4396957807242,9.98813499800055
-5.70116779719069,-8.07319153714117,-1.09197866523908,-2.67095232899542,-0.961591931632156,-3.00591541671396,-12.6862824869779,3.56392033480775,-2.39242908551258,0.462753317352682,-3.05372678449448,1.47111229464802,2.27098314945399,-3.99839404369959,-2.65128655846215,-11.8256986475903,-4.19354989889446,4.61386800338176,-1.70304492272723,-1.24603388487075,-1.45425972927078,-7.10022745462941,-4.11760369371377,-0.211702890325929,8.15856453306611,-7.68505281190921,1.98886293609342,-0.487020122082409,-9.21738240995616,-2.77270624261444,3.003220161785,-9.62731193109445,3.42482346449438,1.58229888764149,4.57409003434984,-4.18016758908695,-8.43662234448002,-2.42413879767836,7.1985165567453,-1.2407838022165,4.33204796347267,-1.00312143126041,-0.624692979189675,0.563381740804905,5.7311242990479,-5.39987982535924,1.00503514725335,-0.0617703718843803,-0.418739427877378,-5.36025476810209
43.5201034226621,43.7653900210925,42.1207058376627,43.3552003493009,35.1572863975113,37.2377428551835,47.7731667367704,38.5210961987939,43.8117097196477,48.2638406284273,36.0750936186616,47.0390893133407,44.6373558172996,49.813810084774,46.3168438334473,41.2602021957474,36.1286189081477,36.6011639084921,40.4140007862725,35.1832408502236,33.58827025274,34.608285261676,39.2871264650609,38.2080820384823,41.7624829509785,42.7828053039668,40.5488942684055,38.4892593628996,40.4710971098853,41.5109765350333,44.6443549638737,45.957628693841,44.9445928205231,41.7317762238903,40.1800406560492,49.932597745498,42.9428650005314,39.8309756237581,36.0130303455652,42.7833901380558,43.4549067142609,41.802869278615,41.0913191128206,36.1272904984912,36.6262749403581,47.0292472835224,40.9720866852544,42.1193306970473,44.9168739292799,46.014973435939
75.4705260610616,95.9988821978438,84.3919783893536,77.3125608681997,85.7195170221284,81.1861073817339,75.6035668352574,81.8585057352966,84.2933462868578,86.4217636704509,87.2451442072446,83.9799024339405,76.0152412009818,81.3777242972061,80.1498118198267,85.2639996180582,84.2742357014797,83.0165789170994,84.2279067817797,84.1932270491755,84.7567385768369,85.3868734361933,88.6559710646701,80.3906581235298,79.5040394274915,97.2509089474247,75.0024377499436,84.0525755737098,87.132572735176,82.1723136793574,88.0323277408656,83.8188447910829,76.8207371958794,70.9755283520693,82.9918100828968,83.3952485950136,80.5991845176577,74.4968644263143,87.8441174975516,89.2680214188138,82.498443720364,90.4132033247871,94.6874731466718,81.9880540783425,87.5199517902822,82.080499645193,74.7210813674202,77.267432266198,86.0175504259242,88.1083704267573
26.6505677543611,44.5607413277743,32.8896347889874,35.0507720932566,42.7853512650769,37.4960790546767,43.3425820348397,27.2245364047953,34.9847867590068,41.4857083959532,36.5213110016772,37.6836469898443,35.2419778778722,31.4968846438461,34.6324219086056,29.2810248104092,34.5645240417155,40.2837986783343,35.6385913627069,30.8999426569251,29.2699920895581,40.4222441413297,41.2868573365575,33.8283585020677,32.6325042548068,33.2440457182714,34.4471421994693,38.1448596285645,27.6519938264572,30.2666024855144,38.9770255088101,34.4213105829474,32.739539468922,31.8631582261464,22.28959834264,31.6582092143446,35.2944781744768,36.7937937075897,34.5272642534502,28.443511438383,32.1282477408479,35.5687151068872,40.0753317876749,27.2088702155434,32.1142293143713,36.7343822473783,38.5421643594908,21.8834335322044,31.0717868380522,40.945216662477
49.9587969999719,49.0148639344556,46.6313659367626,55.579077635111,55.620510226425,49.7854688318131,54.7230948067481,66.5406277160101,58.6227305861059,61.1308395599535,56.4850501470305,51.9852329197447,52.4764188318977,48.3755548283435,52.674045959091,59.4950179288559,56.8402070615547,47.2474363425651,48.9708026777043,53.2838818066855,53.4705507336321,53.2586209543522,65.1480505740916,49.0526806231846,54.168848986534,59.0673390995866,43.766311977339,52.2201576621872,53.8426036552678,50.128963518261,54.1045760629905,56.7359336396111,55.714749873623,56.4281817544016,47.4589299509394,57.6468890855375,47.7865128612349,55.6416114464155,53.8004840657536,48.6855483756079,45.9000544959095,43.7518764500415,52.2156838289813,51.32336675447,53.5831598401132,56.5206261585612,52.2439763756547,55.811462655159,43.5553827568786,52.042985059805
-2.11750150420739,4.95344076474605,4.50417680040751,15.1701116481873,-7.31237981269493,-1.48468777676702,3.18000600353315,0.228009213101577,-2.90465650211307,-3.72232450480261,9.10385654821649,1.66100719008783,10.9129889821064,3.22047769693676,0.0717311004483756,-3.33944942132903,-2.96019861347714,5.91745419370524,12.6444310671355,4.87805131918607,3.91949467498677,5.58145333347785,-1.43733052877678,-4.14804189273678,8.59114728435344,-2.88275384760075,-0.6631926098147,-4.88358492940385,8.57713561238415,5.16018359137958,2.89679151812162,8.7612925753678,3.73124889535321,-1.60622529835004,1.75966939302753,11.788911855651,-0.621118984771917,1.00914412872337,11.2725127641941,4.91356561015801,0.459690872492674,-2.00729292850214,3.02347282141395,1.68219243253612,6.53735679975328,-7.44225958069999,4.49356735132679,0.364957078804978,0.0494754419966643,7.11946371755507
5.95339660280384,4.26474508836094,3.7835829751969,10.0555709523387,2.58437336869579,5.50968142678557,-2.81685260284591,-1.89651673032813,-8.95679424351496,2.06092448259606,3.35702634673083,0.269469486258144,-0.88665544301983,-0.213349640635911,7.65266503431342,-2.93245187791554,-2.83533460865015,8.39353488170556,5.56407626852692,-0.658665770889385,3.83912210054697,6.88616225880751,-0.207981763060379,6.25232339491721,-5.00254064444536,-4.43204184080754,-2.69100283327124,0.846252917744503,-3.19050027285901,-2.52244271227973,3.61258841535376,-0.722165669737375,-13.0087546951207,4.13054174716226,-4.90353282266331,-4.87280498100775,-2.50603366447507,4.35481606761664,3.85947051080345,-8.41662483615188,2.81660984826733,-1.83140997821355,6.22746406193271,-1.25089718068793,1.52746321971626,-3.6101818373204,-7.58891315717917,1.4627000595778,-2.3198804818851,-2.34627408252944
-6.1392244337339,-9.8905830557507,-22.8462672622226,-4.47492886234057,-13.9178143180239,-18.5355042739938,-14.6037384393341,-6.45018956132198,-10.4078420654572,-10.9321706618969,-9.65572855616199,-6.43300170467951,-18.607154373171,-10.0944309799019,-16.7019165082611,-14.2657807635751,-12.8425098686918,-10.5050682573206,-16.527752684336,-8.73700888314113,-15.532193765474,-12.6139369047244,-14.5090875322993,-8.22500129712784,-6.76699831110334,-7.13076677550409,-14.1691229935003,-11.0228450749072,-20.0760647490699,-12.3487793921484,-6.31783083116097,-7.77519268881692,-8.1735126847791,-8.95477901359136,-14.086671876552,-6.63156114877382,-11.1514844175791,-11.0684431145559,-3.09943550848797,-13.1917776422881,-19.8166844447559,-14.9372319240485,-5.23663944631779,-12.7391269668653,-9.61062717661432,-9.46812897376932,-22.3075624483136,-8.30011916823532,-9.71153752596355,-13.9549839954342
-2.04979701552296,2.07185005235657,9.66530354155936,4.7379598526212,11.8221406298478,4.96088080430264,0.975962047293084,-0.613814828107851,-1.33236477967403,10.11183213883,1.10386490916992,0.143805501632154,0.948528328007697,-3.57055294329856,2.3333901260577,-0.210454879448889,0.985023330702848,0.0704472732649166,-2.05994441191355,5.95829019631224,0.231477187372503,6.74962531816877,7.29283758970436,0.378353718164453,0.401050318714054,-4.59080328302493,5.64135266805046,4.38696529254802,-3.55528359626979,-2.16637886813732,10.51817133506,3.02851703372476,-1.28214411372266,6.25039366957163,11.3430576877732,-3.36083889039986,4.74996941665307,1.67343166885611,1.20718094037766,5.8782258416127,5.24940408397968,-1.46038383467357,5.57679695273348,1.23998515857296,0.888435614908752,7.73021670372209,-2.30778655044007,0.135432485295787,0.956456989935185,2.93628631878196
30.354034929746,27.1041455202545,24.7557225207669,32.5779668080839,28.1397581646466,27.0853358652081,20.5108596960218,26.4265245414968,28.0508331977532,27.8119944948381,20.6867563246856,24.9171365113032,20.6403447335408,25.213221778265,33.7176853606618,38.814316765041,31.5443946808657,28.9810912083944,22.918836878245,32.0204458144029,22.0933872848181,33.2529895295955,29.4448900692881,31.137999509638,31.0946144965518,33.7110643690608,31.2762107720593,29.6298569489899,26.8617594792179,21.4610744084563,29.2855789814893,24.1703219220673,21.521179827618,25.4901052686156,31.3722468712153,32.560281705384,18.1890099611929,28.4202957487909,31.3956282343958,25.606552785272,25.9046113978139,26.9102808286149,29.6877284233257,25.8282286352884,25.7745754558566,35.7374946653442,22.5203042607395,26.5314678011666,28.0028246140084,27.223689466831
-18.6715282176323,-20.3987521392045,-30.5635223302345,-26.2203234109297,-24.3431810047246,-25.6251464983327,-26.0288071744846,-35.9049301105467,-26.0982813965841,-28.1662013799746,-18.5646959419743,-22.4886932805338,-21.3723035490832,-24.3173889576312,-22.9191229957839,-18.8671455630086,-29.4404691418286,-11.7292350750581,-25.686067635814,-21.6610995547396,-26.3972125745418,-28.1179653318325,-17.7660359366718,-16.1627083631907,-21.3391041659077,-26.9013720631993,-28.7474652808167,-19.2447409775335,-19.8363767224667,-22.7670149066027,-27.4880689678837,-33.1112006203602,-26.194800108348,-16.7095146970761,-19.9040775381552,-18.2321676249835,-15.9642772188798,-27.6852584221881,-23.2935024300859,-22.1692724482639,-21.4596878145078,-27.9915494318024,-17.414436344795,-28.9592063399625,-19.7173732924703,-25.8853701296872,-22.2945289981177,-17.1931134036597,-31.8775005024819,-29.2043426656012
26.1453816989755,30.369804356682,20.3685423054628,27.3909489813936,29.5416997429812,35.5117812294936,26.4984451151005,23.1550791199086,22.7678944394815,19.1035473320072,21.8666495994057,24.60812300693,30.2778473924722,17.7933757757997,20.5237444669406,23.1058918695605,28.7814031411096,15.6877209226075,22.2249705027682,26.9631479610448,23.0273405672429,25.6972418165156,20.4490895191527,20.1789513625173,26.8027574885669,25.0770535908344,18.0478355652327,26.0069069928553,25.0646021351812,26.7934756050942,30.6809051965673,24.2798174757721,28.886280679267,23.5721754708007,22.616386291604,25.1875178734024,30.7947440376416,23.5159037399944,26.297055095519,23.1522658850131,30.5782272520694,27.0240326478585,31.6681569580765,29.8302556082626,23.5742991866965,15.4819269836221,27.6735831676971,21.6157606579594,22.5503539992589,23.471571288642
-12.582314674012,-11.8335511821545,-14.0269246644434,-19.2180220174116,-13.2381679748986,-16.0366571855497,-9.61193266532906,-24.488414193342,-15.9938510914846,-16.1679426112281,-11.7651169680805,-15.322224158757,-11.0037845310293,-8.64477693100583,-16.4649672042591,-12.3283268762119,-5.36987904154287,-12.2059829832296,-19.2394127684404,-11.4715217217207,-14.0906702714026,-10.8533720723203,-10.2625592525866,-14.910778687942,-5.80227511066703,-17.0329413560161,-21.3324380506332,-10.2077015299711,-19.3513393490743,-16.090336562363,-10.9118364628156,-13.9155221907769,-17.3247883892939,-21.8280430783392,-19.3676671600111,-13.7517615179533,-12.8142938648849,-13.7109449330276,-16.7612694872667,-18.7907613601315,-14.9967726582421,-18.6946188023573,-15.8403862862546,-13.4701430405993,-13.7316504008251,-12.8168975884512,-11.3638449845831,-18.396852725582,-5.81404393720124,-14.9005737079749
24.5305535343784,16.691009130094,11.0180858007741,22.3282549932628,30.9304219291785,13.9075744441388,25.4115510698662,13.9859995625634,18.7411394889438,20.3966942270416,16.6747931341269,24.5315894557366,10.4536913348706,15.4469472300657,19.4166299619861,11.7019613062883,21.9175526608241,21.8773695406197,13.8187127530147,19.3341566268757,17.0409941465047,22.4090639133356,20.0253535543797,14.7142148920691,21.9524846743422,22.1848536070093,17.1925548497233,12.4813044663485,12.9268568149171,23.4848524301156,21.0860446979796,22.9931247634751,19.4205349998532,20.8219302659402,14.3585988021922,22.8980998855471,21.5240433500272,20.7974169847303,19.3667237126016,21.5770402061857,19.7831879355617,16.0829885818866,23.5757720669217,17.0531538385184,20.0256474443419,16.3690654225005,25.0993905469291,24.1259831829011,18.9433038523224,21.610089370324
0.192120907976117,-5.00794373507931,3.62412386717959,4.64876436115373,-2.57001956169677,11.0255664035588,6.84285182657696,6.02207689130434,0.0905197692659878,1.23660232865004,-2.01849646688134,7.63145768740639,3.30958589195472,6.54563367563065,9.98124706816843,1.04259951226731,-3.64223100233379,-2.86722802474964,-5.00341184004338,4.38615906220376,-4.59674374323008,-1.0874796798526,1.61898075798723,3.20160619754631,11.6881527014621,5.75176070203606,6.64172662084749,1.18132634922753,14.4862227795553,9.29236192913705,2.03053420502195,10.0181578075558,5.74268021905042,-0.710330119258193,5.18046187945498,-4.06994845972481,0.0127309572507035,7.8613417924554,8.75315922363008,-2.57373515370904,-5.94849182010285,2.8197830125274,2.11313192795446,3.72953921039931,7.29075645795697,-2.6392338355495,0.10774689751172,-1.31406263296924,2.21480591750679,-0.0105733606277658
16.978503540415,19.9766109176632,21.9518497854925,29.5441127646681,16.9028164817165,26.9416921849999,20.3012149930048,17.7151880571875,18.6327072036787,14.3296394071357,20.9551109565391,10.8937052418095,20.0911216534063,23.4057396763038,26.5916507198503,19.2018591982814,21.5796499070379,18.3521288712928,18.4657869147909,15.2381921651993,18.1517195654877,24.9751295094784,5.88954444585118,15.8437774722899,21.9608185028835,23.7555636586178,12.4627910503453,15.7905592340203,19.5741952887578,19.3926771358208,21.8504836476027,22.6921492633561,19.0426774271568,14.3120429177634,26.4456542391527,24.55704642305,14.0618410006066,17.6903721804243,22.5813681049305,15.838875848545,25.3680775960858,23.2471842463259,31.192754859628,12.1839380870135,24.2658157176447,29.1739025179421,16.664033791499,20.9792239660556,21.2281131793527,24.3018199840662
7.95296496218508,-1.37107289098178,9.06836079226558,13.613046754365,5.19108289120629,-9.11242340457197,-5.22823386469884,2.53706208430614,-0.268103589851527,-1.29259917565983,12.5332978424402,14.6726450369952,4.12553340800045,0.757174401503798,0.397538146349207,3.16880849802769,5.29833254821088,4.1120653870622,7.50144456732066,9.96139112910843,6.1596045217386,-1.4638967074437,5.48428283089994,12.9475060785082,5.47954931429542,-2.97882906358322,4.51986992818659,7.8711045902102,8.65954234439011,-0.655876808872559,1.28850596208424,10.8766590287534,4.2250485873761,2.62687768131469,-3.06482791676719,4.59984884182549,6.98190664731961,1.85267818527099,3.59075077081697,4.53633722511976,-2.35216421134267,-3.44731976090616,4.16012806993108,12.0964185593652,9.56947622247437,0.439524306290694,2.62017647163516,1.92036765278784,6.95509341924662,2.45372015962868
-3.10057010078443,-0.449124755525686,-0.547984083379606,-0.774291040021487,7.75502250408764,-0.950775362604626,0.546377287232513,-1.45208832383292,5.99090503830074,1.50872419327251,4.5261812031839,1.0875463433656,1.79623054561752,12.011422080893,-4.62862508554076,5.84007555105923,3.9603732920892,5.00449819066606,-4.35519384437101,-1.47620960585664,9.4307795419622,3.86543560460302,-0.679949069449711,3.65250213541117,10.6472499898751,-0.212564292595245,6.32163910981613,5.45470928415645,1.19263060330165,4.48716267006781,4.86715025229293,11.5027948725479,-3.38527668166642,6.3877326390965,0.986216652717309,10.0727121783954,2.70948170723541,6.01594077100899,6.94454669882123,0.702673569390663,7.50052386630531,5.91492527434192,-2.39689484663043,12.6041077023744,5.6909514893103,5.22106737509265,-4.0139383420921,2.46250454639388,1.10499470430752,3.5551091572274
-15.445940431421,-14.8573950748552,-21.1647776910947,-15.8767330695182,-12.6393258709266,-17.2644599861052,-17.9695205081796,-15.9746650503458,-10.8385924261801,-21.096359041387,-13.6456182748068,-20.3377516980201,-13.6596106728572,-21.6333260359153,-15.3762371932489,-8.24524693965669,-3.35133815857216,-12.3982259135816,-26.4330617716383,-18.4245962638675,-14.7089312932399,-16.746907756453,-17.1779139519442,-13.0543002594396,-20.2961230509887,-11.0660287105309,-16.9903607846733,-2.83929587940326,-19.7022415891716,-12.166433721741,-14.7968279197366,-20.6856511980346,-7.52655542196625,-20.3077636185739,-9.41443808904894,-13.5708252036953,-15.4437775050577,-15.4503104441789,-17.0598981356362,-16.2146850629756,-15.9976083656176,-16.3772797898337,-22.1677236747503,-17.3855954895246,-17.073436059017,-21.6283681131888,-24.0609380276766,-23.790215119101,-12.7862628428567,-18.954613002181
17.4767116761291,23.9471960561164,23.0411406271208,23.3975907457455,10.4238891615912,16.4896580715108,16.5765056323154,21.2550051092725,21.3702753249111,29.3349003209826,26.3480970844477,22.7782468731754,6.85664648134104,7.14926854058348,23.43402002537,26.5951315000929,10.7453580389739,11.2712348514569,8.93256064351196,25.8989661215075,12.0366488647779,17.2018486875385,23.5181451146351,15.9154035661978,12.0170921649094,19.3217549112391,14.578386871846,18.589524324963,27.8166785602326,16.8795597384557,27.1970859319893,13.6879001113216,16.9201996245001,13.2018594264072,22.2487220771856,11.2466967518644,16.7547115189474,26.1994020748887,12.7007952031765,19.8449911086187,27.5320178670263,20.0428951876162,17.9077417633415,12.5907171592072,19.5661165407722,15.3930803777915,21.7812267639923,22.9587265960246,26.8347405189181,24.2038286528428
20.1252445287971,18.7928076307871,9.69727024633326,8.66803930280418,18.2061422826137,23.3706541417418,18.5631059456424,21.3565437253541,10.0463840458206,15.6622690584644,14.2886144614546,23.2715625011308,15.5176441522104,13.0479433762928,14.1734337176509,27.3494969202118,14.3365329919368,16.5296586893807,17.9794579185258,15.1363479895034,19.0766667839288,29.9029900019589,11.9772461479888,28.8855036059392,18.0047956533709,19.5983480478321,21.014554406339,18.3801673132588,17.7854479690874,16.5458563797726,9.84518997434641,13.4200205553977,15.6767925257222,19.8149252209244,15.599806251861,20.5681596696543,24.1311543646164,19.6770807918168,14.3115860062966,15.4564682916241,21.8990719076197,23.1403508010052,23.5957016449231,15.0750561118343,14.7040767240825,16.252245170906,22.2522720026682,21.9397318586464,15.4459924792711,10.5580718959446
55.0578683369004,45.9609601866628,50.8080565087375,51.551759182856,45.8185296527501,43.3423914043147,45.8298537768438,39.0072157705877,40.9864197568997,53.3537881972314,46.8008941007347,43.4072126873388,55.5510285041018,55.5402627531311,47.0471386080305,41.4936615477812,55.2971572787868,60.3442477219858,54.6458781723317,47.1976252669995,46.0013739002097,48.2682926559051,48.6589935875115,58.4493641709653,48.3589745296577,52.6947277498757,57.2898175366068,34.1127684808703,50.4746398606058,45.3095363692728,61.408143014858,44.3520995034251,50.2272301944649,48.1534975772543,47.4414723929791,51.7382505277309,50.3830650066351,50.4252006865719,53.414148597222,47.9783722984823,53.1864680447018,49.6733315556846,53.6083373869969,42.4290141905128,52.3461879101658,47.9251907580622,45.8841374922483,52.3177349394001,51.7967120646864,58.2131457875963
73.9418176041474,72.8176692004499,72.1295955346742,70.7845029282847,72.8598901120492,75.6103727503567,78.1269758306106,79.3647287108107,70.6907872837684,68.797183993911,69.789420476548,67.0497670312532,64.4406169651094,65.1217430498509,71.2277446954173,72.125580619133,71.5559890748843,70.9446241189604,71.2745510336016,76.28110650368,75.5329428957144,75.4720198912088,66.7028668851929,69.9731549627921,67.8945487252743,72.2408405728588,68.0448676114332,73.5437503068808,74.0781470649623,77.7225824662971,75.9535532950019,69.0736180653173,64.9380943810718,79.7000184324026,70.0210807473543,83.3165117505049,84.5251438509034,66.0565835975516,76.4426888744086,77.7035338282321,80.9174003279987,69.1684492566936,69.9138614766734,72.9064091237574,68.2357729678139,71.5203360711079,78.348087745211,75.3018023372703,78.0915517783392,65.5397690857613
4.18115662962371,10.5069586489112,12.976230077038,-1.7525075165085,3.75504735949964,3.3280243094716,12.2558673029741,-3.59883534358287,4.26877769788638,7.98441399590184,-0.437601354789703,-5.58531135168262,3.31238302713688,-1.4613819958852,-0.141180132336958,1.58742814485086,-0.448083641433321,1.82767496737035,4.83029162859825,8.86309507490217,3.43814359614186,-0.0529437792765184,-0.629243283127944,12.0754802360848,3.83645049911995,8.3414790746594,5.24697585240154,2.06643771732676,6.20116128572185,0.746591216518288,-1.89898536038513,1.63390560289498,5.38417646825898,-4.7346817545361,-2.97319614715088,13.9097856156658,4.34999064860005,-10.7109804377627,-6.1219566841405,4.82527359906409,14.0355684857691,8.67925351999985,10.943952838531,-5.05022715975564,-1.74891808090763,-3.05529209153008,5.51600701317186,3.14494115697151,2.91020879473416,3.1442382545322
7.0115403334432,7.60748510822867,5.09765353454279,7.71580037452035,-3.14784849142661,-2.82595044773653,8.33678791183577,6.83891486355671,2.12892076237158,-6.9458895203326,15.9740833764688,-6.77937204639246,6.63647136809557,3.76394875751951,-9.68819960015907,9.11149949536401,4.15188422544145,6.93673078517156,1.95823176668182,6.28501745081291,4.77912057170383,-2.46813431331396,6.22409481909807,12.2965194142491,1.09136504964975,8.93609658969316,1.56469225638244,-1.30536469496938,6.54000758927201,0.833078974091302,1.31955470806251,6.95025269642115,4.72119270429563,1.82201538508648,2.36145401283687,6.00251730869557,-6.87827353965866,5.54823783901588,-1.40231083749162,6.39907607872927,2.09110296114794,-1.8932433533336,2.68799251764841,6.36466535738507,7.19033819097749,7.48366099171165,10.5438845278111,5.97845779233118,6.52444237665869,2.26821602376246
-0.0903240041293998,-2.18794400388973,-11.8749567670691,-14.4661612382651,-4.0638188160712,-2.61346855104559,3.55489371836871,-11.0524129888236,-5.002421783605,-7.21775243211228,-2.26443529315529,-1.20779924734724,-9.20616498937443,-4.44372897186341,-12.9907148581462,-3.1202603942222,-12.7706781430253,-5.38562496953086,-15.6697088416847,-5.84933618643449,-8.39534091041242,-14.4087644665255,-5.00548296600242,-8.49032948864754,-3.94271230192337,-6.41081041790651,-7.31322998397659,-8.76432125951353,-7.08451856395035,-9.26286972387259,-10.8463217878648,-8.72983798202979,-2.55608443300799,-7.12556405637813,-2.52302268463034,-6.99947440102864,-13.4956461975434,-8.0645084340323,-1.06584058541581,-11.2278123738013,-3.13358433440025,-1.11034970663252,-19.6598616536201,-5.63954420106973,-2.77519604586438,-7.5643931388134,-7.97161155106295,-6.01823464373677,-4.16421970764052,-4.31953384500836
-4.16174254522268,-13.3497984305692,-11.8281698789209,-0.342472908681465,-2.16452759194272,-12.3815535467048,-12.3407760386509,0.31667110226164,-3.56338058953474,-3.84648343671964,-5.2898314582601,-8.92846289199148,-8.57922921231151,-2.96930974518708,-10.2531830206462,-4.65261765750668,-13.503264893183,-6.78450417205678,-10.9993757503118,-0.0287344566171432,-6.94983749605817,-14.0315474425085,-12.2796980153041,-4.39007142527484,-4.07163329500735,-4.95649800279304,-11.1333547360797,-2.34208855470506,-4.51544621772746,-0.604756225342352,-4.13813165869329,5.82860392442282,-2.09594259100569,-5.66964144855509,3.10072613904072,-12.1141449591413,-14.5082483746578,-10.7474196393933,-7.47242235715879,-4.52988228589195,-2.46123895873088,-7.19532024419114,-10.5996729496495,-12.0060783905512,-5.87560219033649,-1.90888372617453,-17.2040087505875,-3.24062219203302,-2.44100951968516,-9.40246345622919
16.9302631894011,19.4569087670276,12.1539120213872,19.5815559111825,22.6957117256471,19.8106126813829,26.6805911877605,16.3904129400775,26.3815889706607,15.6412135337678,22.1397933442053,13.4185203269147,20.235154693382,23.1027089365585,24.9590202053379,16.168351796293,28.1402060626103,15.7882074811449,21.0636684701587,12.77708861255,22.1793106821151,25.5732695552719,24.5778611002512,17.1711233729568,23.5205431042342,23.6450711713657,22.7368963189939,21.1862831532369,27.6558864272971,8.96628849701424,15.9109396035949,27.8187220606854,17.9126742324118,27.2871512402167,13.3468817336297,20.1717383794867,22.2450412355549,24.0235136863448,22.4720049980158,24.8364911012862,13.6658436872412,14.79991202312,25.0164584125022,24.0705478632688,17.3350328703491,24.4534721266981,13.8251350831852,17.9140021914268,22.2672404967174,25.7597266419703
15.6191257295979,23.8614905475484,17.1484363408271,15.4200713409929,11.5251699609917,20.4246306133435,7.40444110369514,8.16976211871233,13.2429060954332,15.5774674417266,16.0483463374936,29.5695756492054,13.9272050930928,18.775296313109,18.7715869144579,18.1842796499472,16.7493372026853,10.7496639928781,17.2516699716347,16.7836826930183,15.7830377249701,15.1794489695256,19.6137959413727,8.903996305342,10.3435586400961,6.50640422420639,13.9074674499618,20.995096120597,14.9459157903638,19.5149081359724,12.0876569886309,23.1155823697219,17.1758798947862,20.2329285279951,13.9246204328166,21.660147151379,17.520367202811,20.6113712646504,13.8512199310954,24.6140242299918,22.7903102923627,20.2108212631491,22.9411294598206,16.376190728619,15.299719700945,6.00378269960811,13.0352893564514,34.2752249473369,15.8894353747565,13.762296862166
30.1845093467211,24.8238037527503,26.8305987224997,21.1532492996451,27.1847339482491,22.2655583445715,19.1131959901086,24.8071468526787,21.4125841247792,24.2756904025705,17.4624017762922,30.5267757195734,21.1622377549157,30.4681420332475,29.0232546211921,13.7276658560472,26.1856442604188,23.6880955392307,26.9179466104532,18.0563067060189,14.9556656974253,26.4022271096655,22.0050893105459,23.6341725325113,22.3432203867111,21.1668950599036,19.8888694954762,28.455558387032,25.9786415679009,22.2066980021327,27.7598822859379,20.6255369720177,28.104353807002,23.6277585038743,23.6054940334181,22.9245929207035,21.3527488150363,17.7767544945666,14.648954189719,21.5098845115266,23.5640112091466,15.2052021172652,26.5554033354143,15.5080526283854,14.8300743259767,20.2842899048843,26.4410440812041,21.1319016855699,14.2523570006513,16.1244493934712
5.15010857244579,-2.01729646004789,8.96095194659188,4.89146771728288,8.85788937453517,5.21351506906394,8.25065472747754,-0.267983819288055,11.8988313434276,19.060794720519,17.7323021970049,6.18360439454438,9.85930792137633,2.1340706906919,8.3319300470665,3.16493120727184,7.97904573458171,0.4199791135485,10.8355570165401,16.9227682369086,9.97075517803222,11.4753150537394,8.80746385779062,1.26091804887213,2.09612321079683,3.41109727154403,3.30613543702699,5.58546014612959,11.1974206864867,11.4513626588742,9.14990141842247,11.3495454495096,2.34946085850471,0.182437490639493,10.6273158299837,4.32747586878214,8.52378909292192,8.20615616673039,0.516780043378482,11.6400794408088,2.932766880193,8.76068632426521,11.2723293008708,3.41525370013555,12.3203471624758,15.6762680303985,2.20727440353306,5.69266841949056,4.23948445020815,1.42038900085381
6.83029780317931,-1.22645557646821,1.38702663472901,-1.76547595357865,-3.98508311406118,5.65156513569464,10.2919578772273,-9.67032307856916,7.17742414055546,-0.86574710103944,8.7534874863754,9.79685325307919,6.39262211166249,3.52196983278787,-2.55418812576949,-4.27058713967903,1.17294010228473,8.86336334322933,7.87229489803149,6.51321516841313,6.98200131962294,6.45348282505936,7.21888855011449,3.81550770030486,1.38368343099619,0.097082858108855,-4.05775311183467,1.12072188187118,2.17810066820061,7.92866054637319,4.51309392481099,6.04101568373537,8.22838796580554,14.0346499221844,2.50919131695588,4.30256261901604,2.37487023198028,11.9567268987754,-3.97685083715404,-1.23584039981627,-4.85475422562694,-1.92357354966136,-5.93892538159174,10.258099930602,-1.0032641696905,2.09514114497016,0.824983674196113,3.50308374140904,4.29673132964234,5.42934460525169
-29.2090280329281,-36.4698653877642,-41.0795620812448,-40.1352257361809,-36.6887003660002,-40.3419566804863,-36.3958379805404,-29.4434501784766,-32.6034272445738,-44.6187660247659,-36.0935254377969,-43.3476074818393,-35.1240567364071,-33.4505009935095,-41.71867108306,-22.4678649515106,-43.0437775026707,-40.4841457783417,-35.1003267290142,-38.8523527906388,-29.370495738137,-39.2413050906167,-34.9419365991824,-39.7286882471998,-38.2249803760924,-34.3285818109537,-33.7688291401407,-42.8575667567163,-31.2480847231063,-38.5410370303982,-32.1997693009482,-28.3863025622147,-33.6391177386916,-36.2116011936475,-38.5200792202884,-35.7807558006763,-35.6749707797483,-36.0061691002893,-40.9510873953235,-43.7620554365109,-34.3212337992903,-38.7019558259177,-37.6204489164276,-38.2140265606643,-37.4449758140128,-30.4858353094807,-33.071183724956,-41.3756057336746,-41.0517392515599,-35.7607311177803
72.2093571510196,62.8762605064333,63.5328753851002,68.6243199502406,83.3793736141485,77.3418226346145,61.2760468202928,68.2394789029449,59.7657870205706,61.3946352944327,65.6817877651792,78.7628982403475,62.2737541667026,57.1319669324819,74.3322014651903,64.6193619785915,67.7062247035755,66.0414454993999,66.2899893725949,63.5180488062211,68.2145310970999,66.9001114883018,70.2518795328636,69.3719057983214,67.6415065141751,74.1836083055896,66.5848603764896,70.2083573190053,74.7730278732771,74.6930401432284,64.2101194872522,73.3427222480594,75.7681386699951,64.4605024309403,73.9260600624839,65.0033079247557,70.8901963747151,72.1215174986146,71.4524241507874,69.3753728906304,71.5066924393036,74.7842614812491,60.780419726717,56.4223786067734,66.7572553889022,66.2738452878407,62.6320526964966,68.1156852300039,62.8578799626741,71.7921297295133
32.356501314404,36.1190257019423,33.0535096391429,34.9181845454328,30.8489915874192,23.2825180067611,36.0021436345076,33.023324557616,27.3249450339063,37.4795590856884,32.9484794398004,27.0225455513505,27.2396905725757,34.4552410372165,37.0158807385067,34.5697868808336,36.2938394809638,33.2915929776433,36.7034740403297,24.320342517878,32.0465817080103,25.606255911761,37.9581526221174,35.3765669394677,22.1582819357141,33.1995360501186,30.9157851375458,41.3952663103906,33.2256261334704,30.6056307463592,46.242120699262,39.4703031446156,33.3091972407601,31.7615185469811,38.621183420936,36.2713168346002,35.9522093402184,26.0761902910392,33.4725478783817,28.3721249464118,33.1859973927925,25.6775256492435,18.8447207326052,34.7011509984134,34.837289565863,34.5171495294448,37.5879696561516,27.3377182991183,30.987043930997,35.1382034992547
-0.526875320814517,-5.27179069477293,-4.08273795387792,-1.47449064453701,-7.61626449070737,-4.67332091811018,-7.78475290788605,-0.326704680422132,-1.59892882649138,-2.9688841563007,-2.4113568331179,-3.00523089386214,1.94678494920208,0.0829211417568718,-3.84084401942096,-3.28417753790904,-0.0863559806535457,-4.47862039730396,-6.605223953442,1.76524297371137,-4.69735469399063,3.62753144277664,-4.24262313546244,-7.59158747604124,-1.0115747801726,-5.07636087009336,5.84938040596269,-7.47953962741946,-1.40700100351096,-8.63355703322211,5.60749168164724,-9.15180418061063,-11.0655379963871,-4.2675527817939,-2.21737620201,-3.53484163891243,1.57090436717344,-3.15711485846341,-2.37271945883101,3.12396623729792,2.42588075780805,7.44568484164146,-8.43290421273106,4.36566849983217,-1.78604852779737,6.97149226177802,5.6034833194264,-5.21698764549344,6.57598025625862,-2.3454854947067
-1.42996127938341,7.71740350167007,3.56110377641013,6.16732050263681,-3.5538136350629,3.77785599498844,2.07610603159624,3.99554727543273,1.41054548679833,1.17998857093242,7.47856505928879,2.87742584640636,-5.48118621447136,7.61917732750512,-3.39677451634097,-3.82938064288236,-3.96751912648388,-4.62660198184724,2.6669471112476,4.55638809369188,-1.54983158956046,1.9347910025037,4.92337524462895,3.44558163630596,-1.44759664440177,-0.408679183596881,6.77606690577407,2.27780397823437,-6.02871118916537,5.34874329421013,3.49478742409645,0.154757187968033,0.860911623872165,0.225870990694529,3.29895404758999,11.7452130112445,12.8359376930314,6.21799403620977,1.73200787331803,-3.92266097961412,6.62268112424597,7.9351295818818,12.9174968499173,2.68723001858987,4.56233933632455,-0.205263778984648,0.458112550693051,3.78240410798058,0.984965765763238,3.75169071210906
8.07825555249181,5.71473979163688,5.57989703990974,3.95080280825732,10.0553171730279,8.52937120357199,10.7728881230182,11.1816869178365,12.1220030900505,5.0727543107392,-3.81622824027974,4.47995469544827,6.27587564257698,5.19562544490393,5.83491191894501,6.26732416976576,8.21142467745229,10.1754547846352,12.4284349219388,4.26542843489027,10.4494116386412,5.70949334000077,-0.651848200030884,7.85579749850418,10.5300162691148,7.87875232391291,10.4843578423662,6.68340885116208,9.4596215878681,3.5692357040217,9.83483130157938,11.1498838575771,4.03476386778004,15.9320454414379,4.04564219238795,10.9555298264278,-6.6399282345755,-4.43531913416673,13.204578361547,2.84907087624896,16.3479064743394,11.5248616829853,13.5984257060141,8.76715194912275,3.59744911367911,-0.272810376733119,3.67384427086185,11.5878322528534,0.451314024591245,-0.584354007692398
51.3282475659361,52.6879487624253,50.8622364417469,62.4957933887408,57.3853555465223,55.7061665937357,61.6433248975552,51.9084977574916,43.8654864299621,53.1733362628567,55.865654083561,52.6744858893912,55.4887038456413,53.7850240897477,57.7025264809345,58.6813515743303,58.6794869702409,50.2024185781255,57.6131943909281,54.5229650082987,58.7501357669965,53.0590927269567,51.6375411073795,52.3688292684329,53.2751183971936,56.827647726898,51.638695605967,47.1758159253493,51.257016807455,54.1393015260259,60.5776322612969,55.6979673879625,59.6295773654153,48.4205989290239,57.1794528555361,53.3879506543968,54.6207258561559,53.2509360367953,59.0095968299116,54.539107499774,59.5775907430359,52.9525863797172,55.7704053915785,50.2180339208523,48.5148919644228,47.1782976914569,53.6896539120974,48.5995923233442,59.9849920588703,50.9239863768424
-38.7274412614895,-37.7864979923734,-32.0453926163111,-42.2518497252071,-34.228946265194,-36.9039321494277,-22.4953478476763,-37.1033135796095,-30.779485841847,-36.2980476128336,-42.0163344580903,-38.9361505261093,-38.7246688412099,-29.7312035693692,-46.5285216173708,-26.6164607682327,-29.5878012048432,-32.0555765462963,-39.2233004154681,-23.2915233984656,-30.2010414113368,-41.5360503732688,-39.3875692589723,-34.0959519290377,-37.1453568944088,-33.1685307520493,-35.9493777052969,-36.6569676584502,-31.8919800832574,-33.5094010518494,-38.3661492722575,-34.2984836737039,-40.1071565521765,-39.4046582314406,-32.6070851691652,-26.655559564376,-36.5969609118266,-38.637659912367,-36.8769563223427,-27.9908266359395,-39.9448688013624,-43.6512974633871,-32.4391199269555,-27.1750815470139,-30.5730370574211,-40.4887129032758,-32.8579169300678,-30.1286676720902,-30.9227420521049,-32.1047012557608
-3.5350638493683,-0.428460145554119,-0.3826659633692,-1.08055583895114,1.17585275574664,1.1606647538696,-0.848385360715092,6.71033327739133,-4.20683863624223,5.13737356174729,10.7141446667354,-4.02061684608869,0.0568144878557988,1.67006153828914,-5.01773030024313,10.1195782492297,7.99138925666027,1.07814206713265,-4.9055658754649,-3.56602393601148,5.71189962250246,-0.290855389134333,-3.14957873811082,-12.1698106570614,-1.39131748302652,5.07296579271591,2.70275768886179,-2.65172352364289,-1.34515166299087,0.462595684444833,7.05868054606477,2.26673274861083,-7.08903336113472,10.0263078699294,0.733676159911696,2.46405575289597,-3.86064430317737,7.43347227175093,-3.72434584817951,-1.91000555444586,7.50644545365909,7.03713697413284,-2.61777108159097,6.13846970875939,-5.81772671521084,-6.602664437154,4.95860848257181,5.89873262703746,-0.360033548147354,-0.0437990447358607
-0.0269743035242485,2.77853604785042,8.20529970124276,2.49218959904268,3.10933296547514,-1.02416395372857,-1.04389113622039,-3.84194975832801,6.48921975631509,-1.26880128531428,-0.384511917334732,2.59597335347708,11.5346934422428,2.13263995651646,6.26367159294449,7.3305394962767,1.0392180510992,1.5411211241235,9.07092538406386,15.617059548942,7.14079522900577,5.1944858305195,-5.12017572502286,3.67002070417014,-7.1834620568444,10.7038332413258,-0.290113665180362,4.2617949115605,-7.10565489738116,-6.59256093945947,6.62605016886851,3.70724305788288,1.48210789011217,3.06756762363796,21.3347449842592,5.43291016287943,3.20094648562724,-3.6747037426083,7.06689818189522,0.221364200458362,0.361796523849493,2.93148842523985,3.72278273278838,-0.14302993589241,2.44407078068299,14.271735636082,6.62112636929989,9.22003346774355,0.475830247363277,-6.01008428795794
35.5950490127335,33.8235367670021,29.8568418188232,34.1314550151476,24.4425008701681,40.0301168005016,26.6061105949724,36.7780325587505,25.6879853541769,22.9002408730055,29.9837006437707,36.5228297898948,32.7396131920209,25.5880722753676,37.3346105934324,29.7090904357012,27.0818791409575,38.9320481686461,34.0759350194052,25.708339265348,27.9164214750753,33.1454634327867,24.7381189712718,21.0749528275425,28.7506959169156,26.0579685847628,29.9603262676611,22.2117375265542,29.5702608365419,38.9451243672153,31.706097986835,27.6798304354793,24.0258207153199,31.9626149402492,29.0675622528353,27.5342217662283,33.1966129161977,27.0108828375651,31.9277801661162,24.8482012712428,32.542385997836,34.3786698051197,30.3921375011272,28.498482260542,35.8638821432287,35.3604952836043,31.4067381933469,34.5855063208597,27.4200295850418,31.5493295109408
38.537617913866,31.1859348370489,36.0406455505016,51.3459989094686,41.607741872973,45.8902366465577,45.4115969895404,42.2050296260221,43.5346487352927,41.8167014812795,48.5020409211518,45.4100557603178,31.7847876842946,32.7153498798667,33.3188143728864,46.403086125924,41.9981734731877,39.4155119119282,44.2508135628126,40.316056863868,43.5697536907425,37.7123407037453,40.5614364999801,29.2180152416938,46.5925598598011,51.9606917462588,40.3494937203656,46.3870131886883,34.8440639390916,37.648885577994,37.4506169673661,43.6143686154213,41.6321719387505,37.1212440470497,35.4219221700862,42.3358977191729,41.9078586897523,35.5002495105961,39.669543362127,35.2206699339636,37.6267679321281,41.7649672343818,37.903048056567,43.4783132001912,40.7373171337761,44.4654320956141,41.4359921080428,43.8959690816202,46.1736585817696,38.2718323506476
0.325454766252441,6.19686760306584,-1.49855586321801,-8.88005506475512,-2.21009944697305,8.47256552064601,-1.25977206872189,2.2632527565126,0.0193521688762974,0.25971373308868,-1.99703408794564,-11.4797539821943,5.80903022573942,8.24094897253234,4.60276182734903,0.160152447422969,2.1003304569297,0.953647350258093,-6.45843435314392,-2.58923882817001,-2.72319106647471,3.60967577111472,-2.96568588316712,-10.2443071548731,-0.204159376006641,-0.663447134466802,0.757075775178668,0.0362313823937799,1.10848655287825,2.60829274112817,3.15599736285028,-0.71181863282575,-1.64381339159068,-1.16363077168029,0.477735632172768,0.0910633406903005,-7.86164625845546,-0.590331666743612,-0.478997649601756,0.377226237101307,2.49146527287538,6.97952791626895,-2.56599268498035,-9.64345266420674,-1.90078298085954,-1.66796380593758,6.69046144492198,-7.44031078233808,9.29085793163316,-3.26080898122741
0.664421913399873,6.27548636788528,-3.25610891769618,3.9852892190658,6.42512293170792,8.06232695044494,1.57956280304898,5.3630159939716,4.62920203417411,-5.19885231893923,7.84379509216791,16.4378918274328,-3.63245869889962,7.93247984898327,5.72752450170258,-2.83309484051826,2.99327834877694,4.89553421879671,-3.19523726391258,-2.38358277677509,0.79830021241692,21.0603322695353,1.97778825805217,6.86763894941098,-4.48187866289478,-0.254255882267954,0.482108601451428,-6.10426068656908,3.67481190943295,-3.74919646676487,-6.46075180493638,-0.326194309232228,-3.65291694917255,7.21402400963171,10.3217807271869,0.985290785260303,6.69127693851313,-10.6417203321955,-7.09912739318239,4.44213496215936,7.93374614917969,1.09710524869199,4.17255257088829,3.11233776534409,-7.64883502260532,12.9972154498116,3.23108432094901,1.58655278121125,5.71696324365984,10.1571204524788
5.33356765954256,4.69185032275655,8.07833046898771,-6.26711989898267,7.22314836483777,0.868572957016841,1.68238718091005,3.39059249147412,6.7026715804453,5.8795891319975,5.01885132882942,2.8917356734684,5.54991363516977,9.09101150711808,4.00830847979079,-7.39334320200467,2.03477780346769,2.63727699967037,3.33372080363447,-6.9632957764429,-4.87768017717519,9.41347684353281,2.8741779652526,5.51047179851265,-1.95388971451692,6.74004478207329,3.79010289358868,10.169911195678,12.1008908014443,10.0598970122441,-10.083724317315,-7.04968859435454,11.696801091093,-4.18341251034615,-3.8691741020244,-6.36668298541223,10.3256987472304,6.54604345694769,9.10540764039819,-1.46592303120689,2.42937773113557,12.2766798782748,5.58448020760319,-1.47515590822464,3.90866091281283,-2.90144027519102,-1.60765972919353,8.33645196281252,4.69159406838677,2.94357695035638
0.595105009993873,-12.0962479236814,-6.50029040344113,-8.89091196147257,-4.06238185238121,-2.01768465843551,-6.21580864714889,-5.25019358410905,-9.5939801283558,4.31155458333323,-5.75682316328447,-12.4012573632033,7.90174310122765,-11.999698769077,-3.58638947953315,-8.42087409171419,0.857533604149683,-4.58291025822929,-6.62204691280506,-6.86920025775812,-0.864058282941825,-10.696142413696,-5.30042294604549,-11.2721739024444,-8.57011367604217,-8.0038278915137,-3.9682663068388,-0.432855911083064,-5.85471174589894,-4.71888344996555,-7.25510559231881,-7.55093157809547,-0.725781398523237,-5.05936088765333,-9.36274732138721,-4.84784099009599,-1.25902279357096,-5.86318445389474,-10.0967069203987,-2.90117801867522,-7.40193417510335,-6.62981892163561,-3.95917848403206,-15.1801683034243,-1.59245658878419,-5.63536186375812,-1.42683592983616,-14.0763634444648,-2.13896270729305,-15.6235146959168
7.68662222672993,4.70788659892948,12.1661919738823,6.17008162458129,13.9819529352553,2.50064002930385,6.70329825041394,7.87515428755561,7.27932705671656,3.77382878652117,8.52187739956774,3.08409550493709,0.32414768805795,10.7951480631061,8.27382796543893,16.2285479329233,2.55169742679585,11.157676653569,11.6597118516905,9.97522079403922,12.1285438982081,9.16497494687802,10.1889837324868,14.458454634967,8.55673509753958,9.26004726821147,10.0805644598175,6.50031111893259,7.55336349209805,-4.82268594990407,9.38374845765314,18.0333863105267,12.3655006285285,4.52853446214016,6.49713719274684,6.77001135185721,5.16061361698409,3.07659941015459,8.31651468685207,12.5821249218968,-3.42819033747704,10.63169516284,7.53574234852913,5.01789512526226,13.6136636745678,3.44440761624573,9.39274493986665,2.16588691576662,14.4450043356119,2.63360803051966
